Соус для бортиков Чесночный,45,https://mikeandmollycafe.ru/static/uploads/catalog_big/image1_1.jpeg,https://mikeandmollycafe.ru/static/uploads/catalog/image1_1.jpeg,Акции,Соус на основе домашнего майонеза с черным перцем и чесноком,40
Соус для бортиков Томатный,45,https://mikeandmollycafe.ru/static/uploads/catalog_big/image0_1.jpeg,https://mikeandmollycafe.ru/static/uploads/catalog/image0_1.jpeg,Акции,"Соус из рубленных томатов с орегано, базиликом и чесноком",40
Соус для бортиков Ренч,45,https://mikeandmollycafe.ru/static/uploads/catalog_big/image2_1.jpeg,https://mikeandmollycafe.ru/static/uploads/catalog/image2_1.jpeg,Акции,"Соус на основе домашнего майонеза (сметана, майонез, укроп, петрушка, чеснок, винный белый уксус и белый перец)",40
АКЦИЯ Пицца с беконом и грибами,199,https://mikeandmollycafe.ru/static/uploads/catalog_big/IMG_1236.JPG,https://mikeandmollycafe.ru/static/uploads/catalog/IMG_1236.JPG,Акции,"Акция доступна только при заказе блюд не участвующих в акция на сумму от 599 Р.
Пицца с белым соусом, сыром моцарелла, беконом, шампиньонами и красным луком всего за 199 Р.",None
Пиццы шоковой заморозки,949,https://mikeandmollycafe.ru/static/uploads/catalog_big/IMG_1172_1.jpg,https://mikeandmollycafe.ru/static/uploads/catalog/IMG_1172_1.jpg,Акции,"ШОК! Теперь вы можете запастись нашей пиццей из дровяной печи! 
Представьте, что у вас в морозилке всегда есть наша пицца и вам всего лишь нужно разогреть духовку до 220 градусов и поставить туда пиццу на 7 минут! Хрустящая и горячая пицца у вас на столе, всего лишь за 7 минут!
В наборе пиццы Маргарита, Белая и Пепперони",990
Белая+Маргарита+2 соуса,699,https://mikeandmollycafe.ru/static/uploads/catalog_big/image0_5.jpeg,https://mikeandmollycafe.ru/static/uploads/catalog/image0_5.jpeg,Акции,"- Белая пицца со сливочным соусом и благородными сырами Дор Блю, Грана Падано, Моцарелла и Маасдам
- Классическая пицца с соусом из итальянских томатов, сыром Моцарелла, оливковым маслом и базиликом
- 2 соуса для бортиков на выбор",690
2 пиццы от Майка + 2 соуса,699,https://mikeandmollycafe.ru/static/uploads/catalog_big/IMG_1167.JPG,https://mikeandmollycafe.ru/static/uploads/catalog/IMG_1167.JPG,Акции,"- 2 Фирменных пиццы со сливочным соусом, сыром Моцарелла, томатами и сочным филе цыпленка, приготовленном на гриле и копченым беконом
- 2 соуса для бортиков на выбор",880
2 пиццы Пепперони+2 соуса,699,https://mikeandmollycafe.ru/static/uploads/catalog_big/IMG_1166.JPG,https://mikeandmollycafe.ru/static/uploads/catalog/IMG_1166.JPG,Акции,"- 2 пиццы с соусом из итальянских томатов, сыром Моцарелла и колбасками Пепперони
- 2 соуса для бортиков на выбор",720
Белая+Пепперони+2 соуса,749,https://mikeandmollycafe.ru/static/uploads/catalog_big/IMG_1171.JPG,https://mikeandmollycafe.ru/static/uploads/catalog/IMG_1171.JPG,Акции,"- Белая пицца со сливочным соусом и благородными сырами Дор Блю, Грана Падано, Моцарелла и Маасдам
- Пицца с соусом из итальянских томатов, сыром Моцарелла и колбасками Пепперони
- 2 соуса для бортиков на выбор",730
Чоризо+от Майка+2 соуса,769,https://mikeandmollycafe.ru/static/uploads/catalog_big/IMG_1170.JPG,https://mikeandmollycafe.ru/static/uploads/catalog/IMG_1170.JPG,Акции,"- Пицца с колбасой Чоризо, копченой шеей, соусом из итальянских томатов, моцареллой и маринованным острым перцем
- Фирменная пицца со сливочным соусом, сыром Моцарелла, томатами и сочным филе цыпленка, приготовленном на гриле и копченым беконом
- 2 соуса для бортиков на выбор",860
"АКЦИЯ 3 Пиццы Майк, Пепперони, Карбонара",1099,https://mikeandmollycafe.ru/static/uploads/catalog_big/IMG_4256.JPG,https://mikeandmollycafe.ru/static/uploads/catalog/IMG_4256.JPG,Акции,"Фирменная пицца от Майка со сливочным соусом, цыпленком, томатами и беконом;
Пицца с томатным соусом и колбаской Пепперони; 
Пицца Карбонара с сырным соусом, беконом и соусом из желтка",1150
"АКЦИЯ 3 Пиццы Майк, Маргарита, С беконом и грибами",999,https://mikeandmollycafe.ru/static/uploads/catalog_big/IMG_4255.JPG,https://mikeandmollycafe.ru/static/uploads/catalog/IMG_4255.JPG,Акции,"Фирменная пицца от Майка со сливочным соусом, цыпленком, томатами и беконом;
Классическая пицца с соусом из итальянских томатов, сыром Моцарелла, оливковым маслом и базиликом;
Пицца с беконом, шампиньонами, сыром Моцарелла, и красным луком",1150
"АКЦИЯ 5 Пицц Маргарита, Пеперони, от Майка, Карбонара, Прошуто Фунги",1599,https://mikeandmollycafe.ru/static/uploads/catalog_big/IMG_1174.JPG,https://mikeandmollycafe.ru/static/uploads/catalog/IMG_1174.JPG,Акции,"Маргарита. Классическая пицца с томатным соусом, рассольным сыром моцарелла, сыром грана падано, базиликом и оливковым маслом;
Пицца с томатным соусом и колбаской Пепперони; 
Фирменная пицца от Майка со сливочным соусом, цыпленком, томатами и беконом;
Пицца Карбонара с сырным соусом, беконом и соусом из желтка
Пицца с соусом из итальянских томатов, сыром Моцарелла, шампиньонами и сыровяленой ветчиной из окрестностей Пармы",1860
Набор Цыпленок,499,https://mikeandmollycafe.ru/static/uploads/catalog_big/IMG_0915.JPG,https://mikeandmollycafe.ru/static/uploads/catalog/IMG_0915.JPG,Акции,"Салат Цезарь с цыпленком;
Суп с цыпленком и шпинатом;
Фокачча с чесноком.",670
Набор Италия,599,https://mikeandmollycafe.ru/static/uploads/catalog_big/IMG_0912.JPG,https://mikeandmollycafe.ru/static/uploads/catalog/IMG_0912.JPG,Акции,"Салат Капрезе с моцареллой, томатами, базиликом, красным луком и соусом Песто;
Крем из белых грибов и шампиньонов с ломтиками обжаренного бекона и вешенками;
Паста с нежным филе цыпленка в сливочно-шпинатном соусе.",720
Набор Детский,359,https://mikeandmollycafe.ru/static/uploads/catalog_big/IMG_0900.JPG,https://mikeandmollycafe.ru/static/uploads/catalog/IMG_0900.JPG,Акции,"В набор входит:
Куриная грудка с картофельным пюре (210 гр)
Овощной суп (картофель, цветная капуста, морковь) (190 гр)
Десерт (сырный крем, малина и крекер) (125 гр)",525
Карпаччо из свеклы+Спагетти Аматричиана,399,https://mikeandmollycafe.ru/static/uploads/catalog_big/IMG_0770.JPG,https://mikeandmollycafe.ru/static/uploads/catalog/IMG_0770.JPG,Акции,Салат Карпаччо из свеклы с соусом песто и пикантные спагетти Аматричиана ,435
Шпинат с цукини+фирменная паста от Молли,369,https://mikeandmollycafe.ru/static/uploads/catalog_big/IMG_0768.JPG,https://mikeandmollycafe.ru/static/uploads/catalog/IMG_0768.JPG,Акции,,None
"Вегетарианский набор: Шпинат с цукини, Минестроне, Паста с грибами",559,https://mikeandmollycafe.ru/static/uploads/catalog_big/IMG_0930.JPG,https://mikeandmollycafe.ru/static/uploads/catalog/IMG_0930.JPG,Акции,"Вегетарианский набор:
Шпинат с цукини гриль - Свежий шпинат, цукини на гриле, черри, вяленые томаты, картофельные чипсы, сельдереевый майонез (145 гр)
Минестроне - Классический итальянский овощной суп. Томаты конкассе, горошек, паста чили, морковь, картофель (250 гр)
Казареччи с грибами - Паста с шампиньонами, вешенками, чесноком, луком и сыром Грана Падано (250 гр)",645
Фирменная пицца от Майка,389,https://mikeandmollycafe.ru/static/uploads/catalog_big/MVO_7573.jpg,https://mikeandmollycafe.ru/static/uploads/catalog/MVO_7573.jpg,Пицца,"Фирменная пицца со сливочным  соусом, сыром Моцарелла, томатами и сочным филе цыпленка, приготовленном на гриле и копченым беконом.",440
Пепперони,379,https://mikeandmollycafe.ru/static/uploads/catalog_big/MVO_7539.jpg,https://mikeandmollycafe.ru/static/uploads/catalog/MVO_7539.jpg,Пицца,"Пицца с соусом из итальянских томатов, сыром Моцарелла и колбасками Пепперони",360
Маргарита,329,https://mikeandmollycafe.ru/static/uploads/catalog_big/MVO_7577.jpg,https://mikeandmollycafe.ru/static/uploads/catalog/MVO_7577.jpg,Пицца,"Классическая пицца с соусом из итальянских томатов, сыром Моцарелла, оливковым маслом и базиликом",320
Карбонара,389,https://mikeandmollycafe.ru/static/uploads/catalog_big/MVO_7632.jpg,https://mikeandmollycafe.ru/static/uploads/catalog/MVO_7632.jpg,Пицца,"Пицца со сливочным соусом, копченой шеей, соусом из желтка и сыром моцарелла",370
А-ля Карбонара с грибами,469,https://mikeandmollycafe.ru/static/uploads/catalog_big/MVO_7035.jpg,https://mikeandmollycafe.ru/static/uploads/catalog/MVO_7035.jpg,Пицца,"Пицца со сливочным соусом, беконом, копченой шеей, шампиньонами, вешенками, соусом из желтка и сыром моцарелла",410
Белая,389,https://mikeandmollycafe.ru/static/uploads/catalog_big/MVO_7535.jpg,https://mikeandmollycafe.ru/static/uploads/catalog/MVO_7535.jpg,Пицца,"Ароматная пицца со сливочным соусом и благородными сырами Дор Блю, Грана Падано, Моцарелла и Маасдам",370
Маринара,259,https://mikeandmollycafe.ru/static/uploads/catalog_big/MVO_7819.jpg,https://mikeandmollycafe.ru/static/uploads/catalog/MVO_7819.jpg,Пицца,"Пицца с соусом из итальянских томатов, красным луком, каперсами и печеными томатами.",380
Прошутто Фунги,419,https://mikeandmollycafe.ru/static/uploads/catalog_big/pizzaproshutto360.jpg,https://mikeandmollycafe.ru/static/uploads/catalog/pizzaproshutto360.jpg,Пицца,"Пицца с соусом из итальянских томатов, сыром Моцарелла, шампиньонами и сыровяленой ветчиной из окрестностей Пармы",360
Паприка,429,https://mikeandmollycafe.ru/static/uploads/catalog_big/MVO_7678.jpg,https://mikeandmollycafe.ru/static/uploads/catalog/MVO_7678.jpg,Пицца,"Пицца с соусом из итальянских томатов, сыром моцарелла, болгарским перцем, колбаской Чоризо, беконом и оливками.",440
С артишоками и оливками,469,https://mikeandmollycafe.ru/static/uploads/catalog_big/MVO_7800.jpg,https://mikeandmollycafe.ru/static/uploads/catalog/MVO_7800.jpg,Пицца,"Пицца с артишоками, оливками, анчоусом, томатами черри, моцареллой и соусом из итальянских томатов",420
С беконом и шампиньонами,369,https://mikeandmollycafe.ru/static/uploads/catalog_big/IMG_4052.JPG,https://mikeandmollycafe.ru/static/uploads/catalog/IMG_4052.JPG,Пицца,"Пицца с беконом, шампиньонами, сыром Моцарелла, и красным луком",390
С грушей и голубым сыром,349,https://mikeandmollycafe.ru/static/uploads/catalog_big/MVO_7543.jpg,https://mikeandmollycafe.ru/static/uploads/catalog/MVO_7543.jpg,Пицца,"Пицца с сыром Моцарелла, грушей, голубым сыром, грецким орехом и рукколой",360
С колбасой Мортаделла,489,https://mikeandmollycafe.ru/static/uploads/catalog_big/MVO_7733.jpg,https://mikeandmollycafe.ru/static/uploads/catalog/MVO_7733.jpg,Пицца,"Пицца с итальянской колбасой Мортаделла, вялеными томатами, соусом Песто и сыром Грана Падано",400
С морепродуктами,389,https://mikeandmollycafe.ru/static/uploads/catalog_big/MVO_7685.jpg,https://mikeandmollycafe.ru/static/uploads/catalog/MVO_7685.jpg,Пицца,"Пицца с белым соусом, креветками, кальмаром, луком порей, каперсами и сыром моцарелла",430
С ростбифом,409,https://mikeandmollycafe.ru/static/uploads/catalog_big/MVO_7822.jpg,https://mikeandmollycafe.ru/static/uploads/catalog/MVO_7822.jpg,Пицца,"Пицца с соусом из итальянских томатов, сыром Моцарелла, красным луком, свежими томатами, каперсами и обжаренной на гриле телятиной",460
С салями,419,https://mikeandmollycafe.ru/static/uploads/catalog_big/salyami.jpg,https://mikeandmollycafe.ru/static/uploads/catalog/salyami.jpg,Пицца,"Салями, Моцарелла, голубой сыр, руккола, сливочно-чесночный соус",380
С тунцом и оливками Каламата,429,https://mikeandmollycafe.ru/static/uploads/catalog_big/MVO_7804.jpg,https://mikeandmollycafe.ru/static/uploads/catalog/MVO_7804.jpg,Пицца,"Пицца с соусом из итальянских томатов, сыром Моцарелла, маринованным тунцом, свежими томатами, красным луком и оливками Каламата",490
С чоризо и копченой шеей,419,https://mikeandmollycafe.ru/static/uploads/catalog_big/MVO_7727.jpg,https://mikeandmollycafe.ru/static/uploads/catalog/MVO_7727.jpg,Пицца,"Пицца с колбасой Чоризо, копченой шеей, соусом из итальянских томатов, моцареллой и маринованным острым перцем",420
С лисичками,320,https://mikeandmollycafe.ru/static/uploads/catalog_big/IMG_4459.JPG,https://mikeandmollycafe.ru/static/uploads/catalog/IMG_4459.JPG,Пицца,"Обжаренные лисички, бекон, соус ренч. Подается со свежим луком порей, грибной пылью и горчичным маслом (из семян горчицы)

",390
Лазанья По-болонски,399,https://mikeandmollycafe.ru/static/uploads/catalog_big/352.jpg,https://mikeandmollycafe.ru/static/uploads/catalog/352.jpg,Паста,Классическая лазанья с соусом Болоньезе из сочной рубленой говядины в сочетании с соусом Бешамель и сыром Моцарелла.,320
Лазанья Полло,389,https://mikeandmollycafe.ru/static/uploads/catalog_big/350.jpg,https://mikeandmollycafe.ru/static/uploads/catalog/350.jpg,Паста,"Сочное куриное филе с рубленым шпинатом в сливочно-сырном соусе из Дор Блю, Грана Падано и Моцареллы.",280
Лазанья овощная,349,https://mikeandmollycafe.ru/static/uploads/catalog_big/351.jpg,https://mikeandmollycafe.ru/static/uploads/catalog/351.jpg,Паста,"Овощная лазанья с сливочным соусом, вяленными томатами, печеным перцем, цукини и сыром моцарелла.",280
Казареччи с грибами,289,https://mikeandmollycafe.ru/static/uploads/catalog_big/MVO_8008.jpg,https://mikeandmollycafe.ru/static/uploads/catalog/MVO_8008.jpg,Паста,"Паста с шампиньонами, вешенками, чесноком, луком и сыром Грана Падано.",250
Паппарделле с лососем,399,https://mikeandmollycafe.ru/static/uploads/catalog_big/MVO_8031.jpg,https://mikeandmollycafe.ru/static/uploads/catalog/MVO_8031.jpg,Паста,"Паста с обжаренным лососем, томатами конкассе, чесноком, эстрагоном и сыром Грана Падано в томатном соусе",250
Паппарделле с цукини,269,https://mikeandmollycafe.ru/static/uploads/catalog_big/MVO_7938.jpg,https://mikeandmollycafe.ru/static/uploads/catalog/MVO_7938.jpg,Паста,"Паста с цукини, кедровым орехом, сливками, сыром Грана Падано и соусом Песто",250
Спагетти Аля Оль,229,https://mikeandmollycafe.ru/static/uploads/catalog_big/MVO_8043.jpg,https://mikeandmollycafe.ru/static/uploads/catalog/MVO_8043.jpg,Паста,"Спагетти со свежим перцем чили, базиликом, соусом Песто и чесночным маслом с сыром Грана Падано",225
Спагетти Аматричиана,299,https://mikeandmollycafe.ru/static/uploads/catalog_big/MVO_7910.jpg,https://mikeandmollycafe.ru/static/uploads/catalog/MVO_7910.jpg,Паста,"Спагетти с пармской ветчиной, перцем Чили, сыром Грана Падано и соусом из спелых томатов",250
Спагетти Болоньезе,299,https://mikeandmollycafe.ru/static/uploads/catalog_big/MVO_7904.jpg,https://mikeandmollycafe.ru/static/uploads/catalog/MVO_7904.jpg,Паста,"Спагетти с легендарным итальянским соусом Болоньезе, на основе сочной рубленой говядины, тушеной в красном вине с итальянскими травами.",280
Спагетти с мидиями,309,https://mikeandmollycafe.ru/static/uploads/catalog_big/MVO_8077.jpg,https://mikeandmollycafe.ru/static/uploads/catalog/MVO_8077.jpg,Паста,"Спагетти c мидиями в панцире, томатами Черри, белым вином, эстрагоном, сыром Грана Падано и соусом Биск",280
Фирменная Паста от Молли,299,https://mikeandmollycafe.ru/static/uploads/catalog_big/MVO_8005.jpg,https://mikeandmollycafe.ru/static/uploads/catalog/MVO_8005.jpg,Паста,"Паста с нежным филе цыпленка в сливочно-шпинатном соусе, с сыром Дор Блю и Пармезаном",260
Котолетта по-милански,399,https://mikeandmollycafe.ru/static/uploads/catalog_big/cotoletta360.jpg,https://mikeandmollycafe.ru/static/uploads/catalog/cotoletta210.jpg,Основные блюда,"Отбивная из свинины, обжаренный в панировке, подается с тапенадой из томатов и рукколой.",240
Треска с лисичками,350,https://mikeandmollycafe.ru/static/uploads/catalog_big/IMG_9345_31111.jpg,https://mikeandmollycafe.ru/static/uploads/catalog/IMG_9345_31111.jpg,Основные блюда,"Треска, маринованная в соевом соусе, имбире и зелёном луке. Обжаренные лисички, в эмульсии из куриного бульона и сливочного масла.
Подается со сметаной, стеблями укропа и горчичным маслом
",200
Куриная грудка с томатами и шпинатом,389,https://mikeandmollycafe.ru/static/uploads/catalog_big/51.jpg,https://mikeandmollycafe.ru/static/uploads/catalog/51.jpg,Основные блюда,"Куриная грудка с томатами, шпинатом и цукини",240
Телячьи щечки с картофельным пюре,489,https://mikeandmollycafe.ru/static/uploads/catalog_big/55.jpg,https://mikeandmollycafe.ru/static/uploads/catalog/55.jpg,Основные блюда,"Нежнейшие телячьи щечки в томатном соусе, подаются с картофельным пюре.
180/150 гр",330
Филе Миньон,589,https://mikeandmollycafe.ru/static/uploads/catalog_big/54.jpg,https://mikeandmollycafe.ru/static/uploads/catalog/54.jpg,Основные блюда,Нежнейшая вырезка говядины прожарки Medium с ягодным соусом.,190
Запеченная телятина,459,https://mikeandmollycafe.ru/static/uploads/catalog_big/50.jpg,https://mikeandmollycafe.ru/static/uploads/catalog/50.jpg,Основные блюда,"Нежнейшая телятина, запеченная с грибами, цукини и луком в сливочном соусе",230
Кальмар на гриле с картофельным пюре,389,https://mikeandmollycafe.ru/static/uploads/catalog_big/56.jpg,https://mikeandmollycafe.ru/static/uploads/catalog/56.jpg,Основные блюда,"Кальмар приготовленный в су-вид затем обжаренный на гриле, подается с картофельным пюре, сливками, луком фри, перцем Халапеньо и зеленым маслом",230
Мидии в панцире,339,https://mikeandmollycafe.ru/static/uploads/catalog_big/57.jpg,https://mikeandmollycafe.ru/static/uploads/catalog/57.jpg,Основные блюда,"Мидии, в сливочно-чесночном соусе, с добавлением перца Чили, сельдерея и коньяка",200
Запеченный картофель с розмарином,89,https://mikeandmollycafe.ru/static/uploads/catalog_big/03.jpg,https://mikeandmollycafe.ru/static/uploads/catalog/03.jpg,Основные блюда,,150
Картофельное пюре,99,https://mikeandmollycafe.ru/static/uploads/catalog_big/04.jpg,https://mikeandmollycafe.ru/static/uploads/catalog/04.jpg,Основные блюда,,120
Овощи-гриль,139,https://mikeandmollycafe.ru/static/uploads/catalog_big/01.jpg,https://mikeandmollycafe.ru/static/uploads/catalog/01.jpg,Основные блюда,"Запеченные на гриле цукини, баклажан, томаты, перец болгарский с красным луком",150
Лимонное ризотто с лососем,399,https://mikeandmollycafe.ru/static/uploads/catalog_big/313.jpg,https://mikeandmollycafe.ru/static/uploads/catalog/313.jpg,Ризотто,"Ризотто с лимоном и лососем обжаренным на гриле, с маринованным луком и сыром Грана Падано",260
Ризотто с  грибами,369,https://mikeandmollycafe.ru/static/uploads/catalog_big/312.jpg,https://mikeandmollycafe.ru/static/uploads/catalog/312.jpg,Ризотто,"Ризотто с белыми грибами, шампиньонами, сыром Грана Падано, сливками и укропом",240
Ризотто с сырами,349,https://mikeandmollycafe.ru/static/uploads/catalog_big/315.jpg,https://mikeandmollycafe.ru/static/uploads/catalog/315.jpg,Ризотто,"Ризотто с тремя видами сыров - Грана Падано, Дор Блю и моцареллой, с маринованным луком",240
Грибной крем-суп,219,https://mikeandmollycafe.ru/static/uploads/catalog_big/41.jpg,https://mikeandmollycafe.ru/static/uploads/catalog/41.jpg,Супы,Крем-суп из белых грибов и шампиньонов с ломтиками обжаренного бекона и вешенками.,250
Минестроне,189,https://mikeandmollycafe.ru/static/uploads/catalog_big/43.jpg,https://mikeandmollycafe.ru/static/uploads/catalog/43.jpg,Супы,"Классический итальянский овощной суп. Томаты конкассе, горошек, паста чили, морковь, картофель",250
Томатный суп,219,https://mikeandmollycafe.ru/static/uploads/catalog_big/44_1.jpg,https://mikeandmollycafe.ru/static/uploads/catalog/44_1.jpg,Супы,"Тосканские томаты-конкассе с ароматными травами, голубым сыром и свежими овощами.",250
Суп с цыпленком и шпинатом,189,https://mikeandmollycafe.ru/static/uploads/catalog_big/45_1.jpg,https://mikeandmollycafe.ru/static/uploads/catalog/45_1.jpg,Супы,Легкий суп с цыпленком и шпинатом,250
Суп Каччукко,299,https://mikeandmollycafe.ru/static/uploads/catalog_big/42.jpg,https://mikeandmollycafe.ru/static/uploads/catalog/42.jpg,Супы,Суп из морепродуктов с луком Порей и острым перцем Чили,250
Суп с лисичками,190,https://mikeandmollycafe.ru/static/uploads/catalog_big/IMG_4406.JPG,https://mikeandmollycafe.ru/static/uploads/catalog/IMG_4406.JPG,Супы,"Лисички, репчатый лук, чеснок, куриный бульон, сливки, масло сливочное.
Подается с яйцом пашот, попкорном из гречки и зеленым маслом.
",240
Кальмар с тропическим дрессингом,359,https://mikeandmollycafe.ru/static/uploads/catalog_big/38.jpg,https://mikeandmollycafe.ru/static/uploads/catalog/38.jpg,Салаты,"Кальмар, руккола, томаты черри, зеленое масло, радиччио, салат лолло роса",190
Капрезе,249,https://mikeandmollycafe.ru/static/uploads/catalog_big/29.jpg,https://mikeandmollycafe.ru/static/uploads/catalog/29.jpg,Салаты,"Свежая моцарелла с разными сортами томатов, свежим базиликом, красным луком и соусом Песто",190
Шпинат с креветками и грейпфрутом,359,https://mikeandmollycafe.ru/static/uploads/catalog_big/34_1.jpg,https://mikeandmollycafe.ru/static/uploads/catalog/34_1.jpg,Салаты,"Свежий шпинат с тигровыми креветками, обжаренными на гриле, в сочетании с сочным грейпфрутом, авокадо и сыром Грана Падано",180
Карпаччо из свеклы с соусом Песто,239,https://mikeandmollycafe.ru/static/uploads/catalog_big/31.jpg,https://mikeandmollycafe.ru/static/uploads/catalog/31.jpg,Салаты,"Тонкие пластинки печеной свёклы с хрустящей рукколой и нежным сливочным сыром, под соусом Песто и кедровыми орешками.",185
Лосось с авокадо и голубым сыром,359,https://mikeandmollycafe.ru/static/uploads/catalog_big/35.jpg,https://mikeandmollycafe.ru/static/uploads/catalog/35.jpg,Салаты,"Слабосоленое филе лосося с хрустящей рукколой, спелым авокадо, свежим огурцом и голубым сыром, приправленное оливковым маслом и соком лимона.	",150
Нидзардо,349,https://mikeandmollycafe.ru/static/uploads/catalog_big/36.jpg,https://mikeandmollycafe.ru/static/uploads/catalog/36.jpg,Салаты,"Филе тунца, обжаренного на гриле с хрустящей стручковой фасолью, оливками Каламата и красным луком под Дижонским соусом.",150
Пармская ветчина с рукколой и сыром Грана Падано,299,https://mikeandmollycafe.ru/static/uploads/catalog_big/30.jpg,https://mikeandmollycafe.ru/static/uploads/catalog/30.jpg,Салаты,"Сыровяленая ветчина из окрестностей Пармы с хрустящей рукколой, сыром Грана Падано и горчичной заправкой",115
Шпинат с цукини гриль,209,https://mikeandmollycafe.ru/static/uploads/catalog_big/39.jpg,https://mikeandmollycafe.ru/static/uploads/catalog/39.jpg,Салаты,"Свежий шпинат,  цукини на гриле, черри, вяленые томаты, картофельные чипсы, сельдереевый майонез",145
Салат с лисичками,220,https://mikeandmollycafe.ru/static/uploads/catalog_big/IMG_9363114.jpg,https://mikeandmollycafe.ru/static/uploads/catalog/IMG_9363114.jpg,Салаты,"Обжаренные лисички, запеченный картофель, шпинат, горчичное масло, сметана, свежий горошек, укроп ",160
Телятина с вялеными томатами,299,https://mikeandmollycafe.ru/static/uploads/catalog_big/33.jpg,https://mikeandmollycafe.ru/static/uploads/catalog/33.jpg,Салаты,"Телятина приготовленная на гриле с обжаренными молодыми баклажанами, вялеными на солнце томатами, шпинатом, красным луком и острым соусом Табаско.",150
Цезарь c цыпленком,329,https://mikeandmollycafe.ru/static/uploads/catalog_big/37_1.jpg,https://mikeandmollycafe.ru/static/uploads/catalog/37_1.jpg,Салаты,"Филе цыпленка, обжаренного на гриле с хрустящими листьями салата Романо, пряными крутонами, томатами черри, сыром Грана Падано и анчоусами, в фирменном соусе",220
Цезарь с тигровыми креветками,399,https://mikeandmollycafe.ru/static/uploads/catalog_big/saladcesarshrimps360.jpg,https://mikeandmollycafe.ru/static/uploads/catalog/saladcesarshrimps210.jpg,Салаты,"Тигровые креветки, обжаренные на гриле с хрустящими листьями салата Романо, пряными крутонами, томатами черри, сыром Грана Падано и анчоусами, в фирменном соусе",220
Шпинат с уткой,349,https://mikeandmollycafe.ru/static/uploads/catalog_big/32.jpg,https://mikeandmollycafe.ru/static/uploads/catalog/32.jpg,Салаты,"Утинная грудка обжаренная на гриле, с листьями шпината, грушей, голубым сыром, грецким орехом и брусничным соусом",170
Сыры,499,https://mikeandmollycafe.ru/static/uploads/catalog_big/10.jpg,https://mikeandmollycafe.ru/static/uploads/catalog/10.jpg,Закуски,"Сырное ассорти из благородных сыров: Дор Блю, Грана Падано, Бри и Маасдам в сочетании с пикантным соусом на основе мёда и цедры грейпфрута.
120/40/30 гр",190
Баклажаны с томатами,289,https://mikeandmollycafe.ru/static/uploads/catalog_big/17_1.jpg,https://mikeandmollycafe.ru/static/uploads/catalog/17_1.jpg,Закуски,"Баклажаны, сыр Моцарелла, томатный соус, базилик, сыр Грана Падано.",170
Вителло Тонато,489,https://mikeandmollycafe.ru/static/uploads/catalog_big/21.jpg,https://mikeandmollycafe.ru/static/uploads/catalog/21.jpg,Закуски,"Тонко нарезанные ломтики телятины с соусом из тунца, анчоусов и каперсов",120
Карпаччо из лосося,429,https://mikeandmollycafe.ru/static/uploads/catalog_big/22.jpg,https://mikeandmollycafe.ru/static/uploads/catalog/22.jpg,Закуски,"Тонко-нарезанные слайсы с/с лосося, тропический дрессинг, сыр Грана Падано, зеленое масло
60/10/30 гр",100
Мясные деликатесы,690,https://mikeandmollycafe.ru/static/uploads/catalog_big/11.jpg,https://mikeandmollycafe.ru/static/uploads/catalog/11.jpg,Закуски,"Колбаски Чоризо, Пармская ветчина, колбаса Салями, сыро-вяленная вырезка из говядины, сыро-вяленная колбаса из говядины, оливки Халкидики, перец Халапеньо.",160
Паштет из печени цыпленка,229,https://mikeandmollycafe.ru/static/uploads/catalog_big/18_1.jpg,https://mikeandmollycafe.ru/static/uploads/catalog/18_1.jpg,Закуски,"Паштет из печени цыпленка с чиабаттой. Подается с апельсиновым чатни и миндалем.
105/35 гр",140
Тартар из тунца,369,https://mikeandmollycafe.ru/static/uploads/catalog_big/19.jpg,https://mikeandmollycafe.ru/static/uploads/catalog/19.jpg,Закуски,"Рубленный свежий тунец, желток, лук фри, каперсы, вяленые томаты, соус Понзо
60/10/15 г",85
Тигровые креветки,399,https://mikeandmollycafe.ru/static/uploads/catalog_big/14.jpg,https://mikeandmollycafe.ru/static/uploads/catalog/14.jpg,Закуски,"Тигровые креветки обжаренные на гриле, подаются с чесночным соусом и лимоном.
90/20/20 гр",130
Фокачча с соусом из томатов,109,https://mikeandmollycafe.ru/static/uploads/catalog_big/23_1.jpg,https://mikeandmollycafe.ru/static/uploads/catalog/23_1.jpg,Закуски,Фокачча с томатным соусом,210
Фокачча с Пармезаном,109,https://mikeandmollycafe.ru/static/uploads/catalog_big/07_parmezan1999.jpg,https://mikeandmollycafe.ru/static/uploads/catalog/07_parmezan1999.jpg,Закуски,"Фокачча с Пармезаном, чесноком и тимьяном",220
Фокачча с соусом Песто,109,https://mikeandmollycafe.ru/static/uploads/catalog_big/07_pesto1999.jpg,https://mikeandmollycafe.ru/static/uploads/catalog/07_pesto1999.jpg,Закуски,Фокачча с соусом Песто,220
Фокачча с чесноком и свежим тимьяном,89,https://mikeandmollycafe.ru/static/uploads/catalog_big/07_chesnok1999.jpg,https://mikeandmollycafe.ru/static/uploads/catalog/07_chesnok1999.jpg,Закуски,Фокачча с чесноком и свежим тимьяном,220
Брауни с соленой карамелью,209,https://mikeandmollycafe.ru/static/uploads/catalog_big/91.jpg,https://mikeandmollycafe.ru/static/uploads/catalog/91.jpg,Десерты,"Теплый Брауни с соленой карамелью и мороженым
125/50 гр",175
Грушевый Наполеон в заварном соусе,199,https://mikeandmollycafe.ru/static/uploads/catalog_big/92.jpg,https://mikeandmollycafe.ru/static/uploads/catalog/92.jpg,Десерты,Грушевый Наполеон в заварном соусе,160
Лимонный пирог с Лимончелло,189,https://mikeandmollycafe.ru/static/uploads/catalog_big/90.jpg,https://mikeandmollycafe.ru/static/uploads/catalog/90.jpg,Десерты,Лимонный пирог с домашним ликером Лимончелло и поджаренной меренгой,115
Панакота,209,https://mikeandmollycafe.ru/static/uploads/catalog_big/94.jpg,https://mikeandmollycafe.ru/static/uploads/catalog/94.jpg,Десерты,"Сливки томленные в дровяной печи, желатин, соус из облепихи (облепиха, сахар), шоколадная крошка, песочное печенье",100
Сырный крем с малиновым соусом,109,https://mikeandmollycafe.ru/static/uploads/catalog_big/MVO_2694-1.jpg,https://mikeandmollycafe.ru/static/uploads/catalog/MVO_2694-1.jpg,Десерты,Песочный крекер с сырным кремом и малиновым соусом,125
Черничный пирог,189,https://mikeandmollycafe.ru/static/uploads/catalog_big/95.jpg,https://mikeandmollycafe.ru/static/uploads/catalog/95.jpg,Десерты,Черничный пирог с черничным вареньем и шариком сливочного мороженого,120
Чизкейк Нью-Йорк,219,https://mikeandmollycafe.ru/static/uploads/catalog_big/cheesecake360.jpg,https://mikeandmollycafe.ru/static/uploads/catalog/cheesecake210.jpg,Десерты,Чизкейк Нью-Йорк,100
Лимонад классический,109,https://mikeandmollycafe.ru/static/uploads/catalog_big/image0_2.jpeg,https://mikeandmollycafe.ru/static/uploads/catalog/image0_2.jpeg,Напитки,"Классический лимонад из натуральных ингредиентов: апельсин, лимон, цитрусовый сахарный сироп, газированная вода. Пейте охлажденным!
500 мл",500
Морс облепиховый,99,https://mikeandmollycafe.ru/static/uploads/catalog_big/oblepixa.jpeg,https://mikeandmollycafe.ru/static/uploads/catalog/oblepixa.jpeg,Напитки,"Домашний облепиховый морс, 500 мл",500
Морс смородиновый,99,https://mikeandmollycafe.ru/static/uploads/catalog_big/image2_2.jpeg,https://mikeandmollycafe.ru/static/uploads/catalog/image2_2.jpeg,Напитки,"Домашний смородиновый Морс, 500мл",500
Вода Байкал газированная,89,https://mikeandmollycafe.ru/static/uploads/catalog_big/baikal.jpg,https://mikeandmollycafe.ru/static/uploads/catalog/baikal.jpg,Напитки,Вода Байкал газированная,250
